id,fad,imagebind_score,insync,kld
vgg-diff_foley-full_eval_pipe,8.921761810647578,0.22080430382947352,0.3018181818181817,2.8867659828879617
