id,fad,imagebind_score,insync,kld
vgg-frieren-full_eval_pipe,2.787959444514749,0.22724542354384875,0.23615560640732297,2.704364753915189
