id,fad,imagebind_score,insync,kld
vgg-frieren-full_eval_pipe,11.914626098886254,0.2525010876817889,0.7259038901601819,2.5283414303847254
