id,fad,imagebind_score,insync,kld
vgg-frieren-full_eval_pipe,1.3805247691064366,0.218534955839277,0.8632977312391011,2.9275025359947646
